OrderID,OrderDate,City,CustomerID,ProductID,Quantity,SalesAmount
O00001,2025-11-08,Pune,C034,P006,3,18096
O00002,2025-11-16,Ahmedabad,C196,P009,3,3798
O00003,2025-05-31,Kolkata,C259,P039,5,15005
O00004,2025-02-20,Delhi,C283,P039,4,12004
O00005,2025-08-09,Kolkata,C117,P047,2,5272
O00006,2025-08-21,Hyderabad,C213,P027,3,6822
O00007,2025-06-10,Hyderabad,C161,P047,1,2636
O00008,2025-07-11,Pune,C243,P043,3,15132
O00009,2025-02-13,Delhi,C222,P005,1,5333
O00010,2025-03-08,Mumbai,C288,P007,3,17883
O00011,2025-12-10,Delhi,C211,P036,3,10977
O00012,2025-01-27,Chennai,C160,P023,4,22628
O00013,2025-10-23,Bengaluru,C080,P023,1,5657
O00014,2025-04-25,Delhi,C180,P043,4,20176
O00015,2025-02-28,Chennai,C294,P036,3,10977
O00016,2025-10-15,Mumbai,C137,P015,4,10512
O00017,2025-05-20,Chennai,C174,P002,2,7474
O00018,2025-04-03,Pune,C290,P023,1,5657
O00019,2025-02-05,Pune,C016,P043,4,20176
O00020,2025-04-21,Hyderabad,C215,P006,5,30160
O00021,2025-03-22,Ahmedabad,C160,P030,3,11916
O00022,2025-10-18,Delhi,C027,P047,3,7908
O00023,2025-11-13,Mumbai,C042,P010,2,3892
O00024,2025-12-05,Hyderabad,C249,P018,4,23184
O00025,2025-08-01,Chennai,C111,P039,4,12004
O00026,2025-02-28,Ahmedabad,C221,P049,5,18370
O00027,2025-12-14,Kolkata,C270,P008,3,9678
O00028,2025-01-24,Bengaluru,C203,P043,3,15132
O00029,2025-01-04,Bengaluru,C155,P039,1,3001
O00030,2025-05-11,Chennai,C168,P014,2,6620
O00031,2025-09-12,Hyderabad,C090,P008,1,3226
O00032,2025-09-30,Bengaluru,C257,P009,4,5064
O00033,2025-02-06,Hyderabad,C022,P036,3,10977
O00034,2025-08-24,Delhi,C161,P028,1,6498
O00035,2025-10-21,Hyderabad,C214,P037,4,24576
O00036,2025-07-27,Mumbai,C167,P019,1,6732
O00037,2025-08-24,Ahmedabad,C046,P011,5,5220
O00038,2025-05-05,Hyderabad,C206,P028,1,6498
O00039,2025-07-22,Chennai,C174,P034,1,5595
O00040,2025-03-28,Delhi,C262,P015,3,7884
O00041,2025-09-29,Bengaluru,C179,P041,1,992
O00042,2025-05-01,Delhi,C075,P023,2,11314
O00043,2025-03-30,Pune,C039,P017,2,3264
O00044,2025-08-26,Kolkata,C290,P012,4,10224
O00045,2025-06-15,Ahmedabad,C078,P042,5,13700
O00046,2025-08-29,Kolkata,C156,P029,1,2102
O00047,2025-01-29,Ahmedabad,C260,P018,5,28980
O00048,2025-08-25,Kolkata,C020,P005,3,15999
O00049,2025-05-27,Delhi,C047,P004,3,13323
O00050,2025-09-17,Hyderabad,C237,P040,5,3665
O00051,2025-01-22,Kolkata,C293,P038,5,4170
O00052,2025-06-14,Kolkata,C257,P042,2,5480
O00053,2025-08-19,Delhi,C176,P010,1,1946
O00054,2025-09-16,Pune,C021,P046,1,823
O00055,2025-08-13,Pune,C187,P016,4,11476
O00056,2025-07-18,Hyderabad,C174,P024,3,4911
O00057,2025-01-27,Ahmedabad,C034,P044,5,9670
O00058,2025-10-13,Hyderabad,C146,P022,1,848
O00059,2025-03-18,Ahmedabad,C042,P017,5,8160
O00060,2025-06-29,Chennai,C201,P038,2,1668
O00061,2025-12-29,Delhi,C159,P009,5,6330
O00062,2025-11-26,Ahmedabad,C066,P036,4,14636
O00063,2025-02-17,Hyderabad,C261,P043,5,25220
O00064,2025-07-05,Chennai,C093,P024,1,1637
O00065,2025-09-06,Bengaluru,C116,P014,3,9930
O00066,2025-02-09,Chennai,C052,P009,2,2532
O00067,2025-09-27,Mumbai,C173,P033,5,36505
O00068,2025-03-09,Hyderabad,C079,P050,5,26920
O00069,2025-12-21,Pune,C225,P011,2,2088
O00070,2025-07-06,Bengaluru,C228,P003,4,4364
O00071,2025-08-18,Bengaluru,C274,P040,3,2199
O00072,2025-08-29,Bengaluru,C189,P016,3,8607
O00073,2025-08-14,Kolkata,C145,P044,5,9670
O00074,2025-09-15,Hyderabad,C083,P050,4,21536
O00075,2025-03-12,Chennai,C027,P013,5,29220
O00076,2025-07-10,Delhi,C265,P042,4,10960
O00077,2025-02-12,Pune,C140,P008,3,9678
O00078,2025-03-17,Hyderabad,C047,P029,5,10510
O00079,2025-06-28,Mumbai,C213,P015,4,10512
O00080,2025-09-15,Ahmedabad,C121,P004,4,17764
O00081,2025-07-11,Bengaluru,C015,P025,1,3399
O00082,2025-11-29,Ahmedabad,C075,P021,1,2081
O00083,2025-05-27,Kolkata,C072,P009,1,1266
O00084,2025-08-18,Mumbai,C041,P049,4,14696
O00085,2025-04-21,Pune,C281,P002,3,11211
O00086,2025-09-28,Hyderabad,C057,P047,5,13180
O00087,2025-05-02,Chennai,C063,P050,3,16152
O00088,2025-08-03,Kolkata,C033,P004,2,8882
O00089,2025-11-02,Mumbai,C264,P008,4,12904
O00090,2025-03-15,Chennai,C220,P037,2,12288
O00091,2025-06-30,Bengaluru,C293,P001,5,1245
O00092,2025-12-07,Delhi,C269,P027,2,4548
O00093,2025-09-27,Mumbai,C200,P024,1,1637
O00094,2025-11-22,Hyderabad,C192,P031,1,3319
O00095,2025-07-02,Delhi,C177,P017,1,1632
O00096,2025-10-25,Ahmedabad,C069,P016,1,2869
O00097,2025-10-07,Ahmedabad,C090,P003,3,3273
O00098,2025-12-23,Kolkata,C094,P050,4,21536
O00099,2025-08-23,Mumbai,C151,P009,1,1266
O00100,2025-04-13,Mumbai,C162,P013,1,5844
O00101,2025-07-23,Kolkata,C130,P020,5,30885
O00102,2025-05-27,Ahmedabad,C025,P003,2,2182
O00103,2025-05-20,Delhi,C189,P042,3,8220
O00104,2025-08-14,Hyderabad,C174,P028,4,25992
O00105,2025-12-21,Kolkata,C189,P012,4,10224
O00106,2025-02-12,Hyderabad,C041,P034,3,16785
O00107,2025-04-03,Chennai,C165,P028,5,32490
O00108,2025-06-17,Chennai,C157,P007,1,5961
O00109,2025-08-07,Pune,C228,P029,5,10510
O00110,2025-01-22,Ahmedabad,C223,P023,4,22628
O00111,2025-02-08,Hyderabad,C187,P018,1,5796
O00112,2025-01-16,Pune,C225,P033,2,14602
O00113,2025-02-04,Bengaluru,C188,P003,2,2182
O00114,2025-10-18,Mumbai,C079,P024,4,6548
O00115,2025-07-09,Ahmedabad,C228,P044,4,7736
O00116,2025-10-21,Pune,C272,P049,1,3674
O00117,2025-06-10,Chennai,C128,P024,4,6548
O00118,2025-04-06,Kolkata,C266,P008,1,3226
O00119,2025-03-02,Chennai,C134,P025,5,16995
O00120,2025-04-20,Chennai,C252,P046,4,3292
O00121,2025-03-11,Delhi,C232,P013,1,5844
O00122,2025-02-14,Ahmedabad,C178,P012,4,10224
O00123,2025-10-09,Chennai,C154,P046,1,823
O00124,2025-07-05,Bengaluru,C063,P011,2,2088
O00125,2025-05-02,Kolkata,C014,P013,2,11688
O00126,2025-10-21,Ahmedabad,C240,P024,5,8185
O00127,2025-11-10,Delhi,C034,P036,2,7318
O00128,2025-09-03,Hyderabad,C210,P020,4,24708
O00129,2025-03-06,Ahmedabad,C038,P037,1,6144
O00130,2025-12-15,Ahmedabad,C066,P029,4,8408
O00131,2025-11-24,Pune,C067,P050,5,26920
O00132,2025-01-29,Delhi,C266,P028,5,32490
O00133,2025-03-26,Pune,C166,P010,3,5838
O00134,2025-06-27,Chennai,C041,P046,2,1646
O00135,2025-11-22,Chennai,C065,P017,2,3264
O00136,2025-11-11,Delhi,C258,P041,3,2976
O00137,2025-10-31,Pune,C088,P042,2,5480
O00138,2025-11-06,Ahmedabad,C289,P043,5,25220
O00139,2025-02-11,Mumbai,C296,P003,1,1091
O00140,2025-10-20,Hyderabad,C016,P017,2,3264
O00141,2025-05-29,Chennai,C248,P032,5,4320
O00142,2025-06-02,Kolkata,C038,P016,4,11476
O00143,2025-03-22,Kolkata,C213,P045,1,4952
O00144,2025-04-15,Ahmedabad,C074,P031,4,13276
O00145,2025-06-26,Hyderabad,C067,P021,3,6243
O00146,2025-09-21,Delhi,C164,P049,3,11022
O00147,2025-03-04,Chennai,C231,P016,4,11476
O00148,2025-02-19,Mumbai,C149,P016,2,5738
O00149,2025-08-03,Bengaluru,C082,P025,5,16995
O00150,2025-06-10,Bengaluru,C082,P021,5,10405
O00151,2025-08-28,Kolkata,C158,P032,5,4320
O00152,2025-02-16,Hyderabad,C259,P032,1,864
O00153,2025-04-21,Ahmedabad,C025,P030,2,7944
O00154,2025-09-11,Kolkata,C147,P004,3,13323
O00155,2025-02-25,Hyderabad,C069,P035,1,6329
O00156,2025-07-26,Ahmedabad,C024,P017,3,4896
O00157,2025-10-19,Bengaluru,C186,P026,1,4206
O00158,2025-02-07,Hyderabad,C259,P036,3,10977
O00159,2025-05-24,Delhi,C066,P029,5,10510
O00160,2025-07-11,Ahmedabad,C286,P007,4,23844
O00161,2025-04-12,Hyderabad,C257,P024,2,3274
O00162,2025-01-20,Pune,C171,P003,1,1091
O00163,2025-08-22,Pune,C264,P031,5,16595
O00164,2025-11-10,Ahmedabad,C084,P009,3,3798
O00165,2025-06-03,Ahmedabad,C260,P026,5,21030
O00166,2025-09-08,Chennai,C244,P033,5,36505
O00167,2025-06-19,Delhi,C214,P002,3,11211
O00168,2025-12-19,Mumbai,C243,P038,3,2502
O00169,2025-10-23,Bengaluru,C027,P017,5,8160
O00170,2025-03-29,Hyderabad,C076,P038,4,3336
O00171,2025-01-17,Delhi,C098,P044,2,3868
O00172,2025-06-10,Hyderabad,C078,P002,4,14948
O00173,2025-07-30,Kolkata,C032,P027,2,4548
O00174,2025-09-23,Bengaluru,C288,P046,2,1646
O00175,2025-09-27,Hyderabad,C161,P021,4,8324
O00176,2025-09-30,Ahmedabad,C280,P012,4,10224
O00177,2025-11-09,Kolkata,C099,P023,3,16971
O00178,2025-10-13,Chennai,C116,P016,3,8607
O00179,2025-12-27,Bengaluru,C251,P020,3,18531
O00180,2025-06-28,Chennai,C148,P021,4,8324
O00181,2025-12-13,Hyderabad,C203,P008,5,16130
O00182,2025-05-29,Mumbai,C148,P023,2,11314
O00183,2025-06-27,Kolkata,C132,P046,1,823
O00184,2025-04-20,Bengaluru,C276,P048,4,6964
O00185,2025-12-23,Chennai,C071,P018,5,28980
O00186,2025-10-28,Bengaluru,C125,P007,5,29805
O00187,2025-04-26,Bengaluru,C027,P004,5,22205
O00188,2025-06-19,Kolkata,C052,P007,4,23844
O00189,2025-01-03,Pune,C209,P044,2,3868
O00190,2025-09-02,Bengaluru,C148,P042,4,10960
O00191,2025-11-27,Mumbai,C046,P021,3,6243
O00192,2025-04-29,Mumbai,C090,P042,5,13700
O00193,2025-01-19,Hyderabad,C254,P027,2,4548
O00194,2025-01-20,Mumbai,C153,P012,3,7668
O00195,2025-02-24,Ahmedabad,C146,P037,5,30720
O00196,2025-09-26,Kolkata,C069,P030,5,19860
O00197,2025-05-20,Bengaluru,C058,P033,4,29204
O00198,2025-08-23,Chennai,C096,P022,2,1696
O00199,2025-06-01,Bengaluru,C090,P001,3,747
O00200,2025-08-07,Ahmedabad,C045,P040,4,2932
O00201,2025-04-05,Pune,C245,P026,1,4206
O00202,2025-01-04,Chennai,C197,P021,2,4162
O00203,2025-05-17,Ahmedabad,C155,P016,4,11476
O00204,2025-01-06,Chennai,C185,P038,5,4170
O00205,2025-02-01,Delhi,C239,P045,2,9904
O00206,2025-07-27,Chennai,C061,P020,2,12354
O00207,2025-07-08,Bengaluru,C113,P041,3,2976
O00208,2025-03-20,Kolkata,C192,P009,4,5064
O00209,2025-08-30,Bengaluru,C127,P027,5,11370
O00210,2025-02-11,Kolkata,C271,P044,5,9670
O00211,2025-02-09,Delhi,C032,P046,3,2469
O00212,2025-04-14,Pune,C085,P036,5,18295
O00213,2025-08-15,Delhi,C106,P021,5,10405
O00214,2025-09-08,Delhi,C262,P046,5,4115
O00215,2025-08-21,Pune,C263,P029,1,2102
O00216,2025-10-16,Mumbai,C287,P027,4,9096
O00217,2025-01-12,Hyderabad,C131,P030,3,11916
O00218,2025-10-24,Delhi,C024,P001,2,498
O00219,2025-12-25,Delhi,C278,P028,3,19494
O00220,2025-08-30,Mumbai,C147,P004,1,4441
O00221,2025-03-11,Hyderabad,C192,P027,2,4548
O00222,2025-07-13,Hyderabad,C042,P025,4,13596
O00223,2025-03-10,Ahmedabad,C061,P044,5,9670
O00224,2025-07-21,Pune,C115,P012,5,12780
O00225,2025-06-02,Kolkata,C279,P001,1,249
O00226,2025-07-14,Bengaluru,C127,P028,5,32490
O00227,2025-03-21,Chennai,C097,P030,3,11916
O00228,2025-01-17,Hyderabad,C009,P047,1,2636
O00229,2025-02-04,Delhi,C018,P016,2,5738
O00230,2025-12-11,Mumbai,C126,P029,5,10510
O00231,2025-07-25,Kolkata,C120,P048,1,1741
O00232,2025-01-29,Pune,C258,P035,2,12658
O00233,2025-10-22,Ahmedabad,C296,P019,2,13464
O00234,2025-05-02,Chennai,C074,P039,3,9003
O00235,2025-04-24,Hyderabad,C154,P043,5,25220
O00236,2025-10-13,Pune,C219,P018,1,5796
O00237,2025-01-25,Ahmedabad,C196,P036,4,14636
O00238,2025-12-23,Hyderabad,C210,P034,3,16785
O00239,2025-07-12,Pune,C276,P010,3,5838
O00240,2025-04-26,Chennai,C074,P031,2,6638
O00241,2025-10-15,Hyderabad,C214,P030,1,3972
O00242,2025-03-10,Hyderabad,C125,P036,5,18295
O00243,2025-06-19,Delhi,C231,P017,2,3264
O00244,2025-10-02,Bengaluru,C027,P024,1,1637
O00245,2025-12-11,Mumbai,C038,P018,4,23184
O00246,2025-12-10,Bengaluru,C246,P013,5,29220
O00247,2025-06-05,Mumbai,C109,P014,3,9930
O00248,2025-09-03,Bengaluru,C105,P013,1,5844
O00249,2025-10-10,Ahmedabad,C145,P026,2,8412
O00250,2025-10-01,Ahmedabad,C158,P025,4,13596
O00251,2025-09-20,Kolkata,C239,P017,3,4896
O00252,2025-06-13,Bengaluru,C190,P007,4,23844
O00253,2025-01-24,Bengaluru,C075,P021,4,8324
O00254,2025-10-11,Hyderabad,C152,P002,3,11211
O00255,2025-06-18,Bengaluru,C195,P010,2,3892
O00256,2025-09-13,Ahmedabad,C132,P037,2,12288
O00257,2025-11-25,Kolkata,C236,P049,4,14696
O00258,2025-03-28,Pune,C280,P011,3,3132
O00259,2025-10-05,Mumbai,C269,P032,2,1728
O00260,2025-12-09,Mumbai,C004,P003,1,1091
O00261,2025-11-19,Bengaluru,C035,P027,2,4548
O00262,2025-01-05,Bengaluru,C259,P046,2,1646
O00263,2025-01-31,Kolkata,C250,P030,3,11916
O00264,2025-09-30,Hyderabad,C007,P002,1,3737
O00265,2025-05-21,Chennai,C009,P002,5,18685
O00266,2025-04-02,Delhi,C050,P033,4,29204
O00267,2025-05-04,Bengaluru,C270,P034,2,11190
O00268,2025-05-17,Hyderabad,C041,P017,3,4896
O00269,2025-08-24,Bengaluru,C116,P024,4,6548
O00270,2025-12-01,Mumbai,C048,P020,1,6177
O00271,2025-07-13,Kolkata,C029,P026,4,16824
O00272,2025-12-26,Pune,C043,P041,1,992
O00273,2025-11-27,Ahmedabad,C290,P032,4,3456
O00274,2025-01-22,Bengaluru,C109,P007,5,29805
O00275,2025-09-01,Chennai,C024,P045,5,24760
O00276,2025-10-06,Mumbai,C092,P005,3,15999
O00277,2025-04-17,Pune,C204,P021,1,2081
O00278,2025-03-25,Bengaluru,C291,P005,3,15999
O00279,2025-06-19,Hyderabad,C072,P025,5,16995
O00280,2025-09-14,Ahmedabad,C028,P045,1,4952
O00281,2025-04-29,Delhi,C175,P007,4,23844
O00282,2025-11-01,Hyderabad,C168,P039,5,15005
O00283,2025-08-19,Kolkata,C117,P002,3,11211
O00284,2025-07-12,Hyderabad,C096,P023,5,28285
O00285,2025-12-05,Hyderabad,C044,P044,5,9670
O00286,2025-06-01,Bengaluru,C038,P050,5,26920
O00287,2025-03-20,Hyderabad,C079,P006,3,18096
O00288,2025-06-12,Ahmedabad,C055,P048,4,6964
O00289,2025-06-07,Kolkata,C185,P006,1,6032
O00290,2025-02-22,Pune,C045,P049,3,11022
O00291,2025-08-18,Hyderabad,C053,P012,4,10224
O00292,2025-07-01,Delhi,C167,P002,1,3737
O00293,2025-05-30,Hyderabad,C199,P025,1,3399
O00294,2025-10-14,Bengaluru,C293,P050,1,5384
O00295,2025-12-17,Hyderabad,C087,P034,2,11190
O00296,2025-06-04,Chennai,C253,P009,3,3798
O00297,2025-03-27,Hyderabad,C142,P010,1,1946
O00298,2025-09-05,Delhi,C185,P027,3,6822
O00299,2025-11-17,Kolkata,C101,P017,2,3264
O00300,2025-03-11,Chennai,C004,P030,1,3972
O00301,2025-11-14,Hyderabad,C169,P026,3,12618
O00302,2025-08-09,Pune,C154,P029,3,6306
O00303,2025-12-22,Bengaluru,C246,P021,5,10405
O00304,2025-07-23,Ahmedabad,C150,P021,2,4162
O00305,2025-10-22,Bengaluru,C167,P048,4,6964
O00306,2025-07-21,Ahmedabad,C059,P025,3,10197
O00307,2025-10-31,Pune,C282,P037,2,12288
O00308,2025-12-29,Bengaluru,C225,P002,4,14948
O00309,2025-07-29,Kolkata,C072,P019,1,6732
O00310,2025-05-04,Chennai,C079,P041,3,2976
O00311,2025-07-13,Delhi,C230,P046,4,3292
O00312,2025-10-26,Hyderabad,C274,P039,4,12004
O00313,2025-10-06,Mumbai,C185,P033,4,29204
O00314,2025-11-01,Delhi,C056,P045,5,24760
O00315,2025-12-03,Ahmedabad,C086,P050,2,10768
O00316,2025-01-23,Hyderabad,C170,P042,5,13700
O00317,2025-01-06,Delhi,C133,P028,1,6498
O00318,2025-09-23,Bengaluru,C229,P015,5,13140
O00319,2025-08-26,Pune,C177,P024,4,6548
O00320,2025-02-23,Chennai,C213,P002,4,14948
O00321,2025-03-14,Ahmedabad,C160,P006,1,6032
O00322,2025-04-16,Kolkata,C179,P022,4,3392
O00323,2025-08-13,Kolkata,C164,P031,1,3319
O00324,2025-01-23,Delhi,C012,P005,3,15999
O00325,2025-12-13,Pune,C125,P022,1,848
O00326,2025-10-10,Pune,C170,P034,2,11190
O00327,2025-08-25,Bengaluru,C208,P036,4,14636
O00328,2025-04-06,Hyderabad,C203,P041,2,1984
O00329,2025-04-12,Kolkata,C220,P002,5,18685
O00330,2025-12-27,Bengaluru,C106,P025,1,3399
O00331,2025-10-23,Delhi,C275,P018,1,5796
O00332,2025-06-16,Bengaluru,C235,P012,3,7668
O00333,2025-12-10,Kolkata,C271,P008,3,9678
O00334,2025-11-02,Hyderabad,C201,P041,3,2976
O00335,2025-06-28,Ahmedabad,C235,P038,1,834
O00336,2025-12-11,Chennai,C044,P040,2,1466
O00337,2025-06-10,Delhi,C123,P044,2,3868
O00338,2025-04-04,Ahmedabad,C073,P020,1,6177
O00339,2025-08-03,Pune,C295,P033,4,29204
O00340,2025-04-06,Kolkata,C276,P025,4,13596
O00341,2025-10-12,Pune,C251,P045,2,9904
O00342,2025-04-06,Ahmedabad,C231,P019,2,13464
O00343,2025-07-03,Mumbai,C249,P040,1,733
O00344,2025-07-16,Kolkata,C210,P009,2,2532
O00345,2025-08-01,Kolkata,C251,P044,4,7736
O00346,2025-10-17,Mumbai,C113,P011,1,1044
O00347,2025-05-21,Bengaluru,C276,P019,1,6732
O00348,2025-08-23,Kolkata,C282,P019,2,13464
O00349,2025-10-21,Delhi,C138,P033,1,7301
O00350,2025-07-07,Mumbai,C226,P050,5,26920
O00351,2025-08-06,Delhi,C127,P035,2,12658
O00352,2025-08-19,Chennai,C179,P020,1,6177
O00353,2025-03-02,Bengaluru,C108,P006,4,24128
O00354,2025-12-19,Ahmedabad,C220,P048,5,8705
O00355,2025-03-13,Bengaluru,C106,P011,5,5220
O00356,2025-06-29,Chennai,C276,P004,5,22205
O00357,2025-12-27,Chennai,C149,P011,3,3132
O00358,2025-09-21,Delhi,C070,P037,3,18432
O00359,2025-01-31,Chennai,C065,P049,4,14696
O00360,2025-05-08,Pune,C165,P045,2,9904
O00361,2025-09-08,Pune,C296,P016,4,11476
O00362,2025-11-18,Hyderabad,C193,P041,3,2976
O00363,2025-11-21,Delhi,C207,P029,1,2102
O00364,2025-12-22,Ahmedabad,C233,P033,3,21903
O00365,2025-10-25,Mumbai,C048,P032,3,2592
O00366,2025-11-22,Ahmedabad,C033,P047,4,10544
O00367,2025-04-22,Hyderabad,C109,P035,4,25316
O00368,2025-06-15,Chennai,C173,P032,3,2592
O00369,2025-03-08,Kolkata,C176,P036,5,18295
O00370,2025-01-24,Delhi,C236,P044,1,1934
O00371,2025-03-22,Kolkata,C234,P002,1,3737
O00372,2025-04-14,Pune,C155,P001,4,996
O00373,2025-02-17,Ahmedabad,C129,P011,3,3132
O00374,2025-12-07,Pune,C027,P006,3,18096
O00375,2025-12-25,Bengaluru,C220,P026,3,12618
O00376,2025-12-27,Delhi,C001,P042,1,2740
O00377,2025-02-09,Pune,C116,P014,4,13240
O00378,2025-01-05,Mumbai,C176,P034,4,22380
O00379,2025-12-22,Pune,C245,P008,4,12904
O00380,2025-07-16,Delhi,C053,P005,2,10666
O00381,2025-07-08,Chennai,C071,P007,3,17883
O00382,2025-11-25,Pune,C036,P025,2,6798
O00383,2025-01-05,Pune,C226,P034,5,27975
O00384,2025-11-18,Pune,C211,P023,2,11314
O00385,2025-04-22,Delhi,C052,P040,4,2932
O00386,2025-10-29,Hyderabad,C180,P009,1,1266
O00387,2025-03-13,Bengaluru,C142,P028,3,19494
O00388,2025-05-08,Chennai,C014,P042,1,2740
O00389,2025-04-16,Bengaluru,C201,P043,3,15132
O00390,2025-05-03,Kolkata,C198,P019,1,6732
O00391,2025-09-13,Delhi,C271,P008,2,6452
O00392,2025-06-12,Pune,C199,P001,3,747
O00393,2025-07-07,Pune,C242,P037,4,24576
O00394,2025-01-09,Delhi,C008,P050,1,5384
O00395,2025-01-21,Mumbai,C204,P017,2,3264
O00396,2025-11-18,Hyderabad,C217,P033,3,21903
O00397,2025-02-12,Pune,C143,P045,4,19808
O00398,2025-02-10,Bengaluru,C080,P006,3,18096
O00399,2025-07-20,Delhi,C159,P035,3,18987
O00400,2025-05-03,Mumbai,C126,P045,4,19808
O00401,2025-03-01,Kolkata,C029,P006,4,24128
O00402,2025-03-03,Mumbai,C071,P020,2,12354
O00403,2025-03-25,Kolkata,C178,P045,1,4952
O00404,2025-05-13,Pune,C191,P034,5,27975
O00405,2025-03-02,Mumbai,C172,P009,3,3798
O00406,2025-09-26,Delhi,C135,P028,3,19494
O00407,2025-11-18,Delhi,C255,P046,5,4115
O00408,2025-07-04,Mumbai,C256,P030,5,19860
O00409,2025-07-08,Pune,C131,P037,2,12288
O00410,2025-10-21,Delhi,C117,P050,1,5384
O00411,2025-01-02,Mumbai,C007,P048,5,8705
O00412,2025-08-30,Ahmedabad,C197,P016,1,2869
O00413,2025-01-19,Hyderabad,C115,P010,2,3892
O00414,2025-08-02,Ahmedabad,C139,P021,2,4162
O00415,2025-07-10,Delhi,C258,P005,5,26665
O00416,2025-04-02,Bengaluru,C265,P044,1,1934
O00417,2025-02-05,Kolkata,C145,P003,4,4364
O00418,2025-06-17,Delhi,C284,P050,3,16152
O00419,2025-07-08,Bengaluru,C150,P030,1,3972
O00420,2025-11-15,Bengaluru,C238,P037,3,18432
O00421,2025-09-10,Bengaluru,C280,P024,5,8185
O00422,2025-03-19,Mumbai,C210,P049,2,7348
O00423,2025-10-05,Ahmedabad,C005,P002,2,7474
O00424,2025-12-03,Hyderabad,C158,P022,1,848
O00425,2025-09-29,Bengaluru,C215,P007,2,11922
O00426,2025-03-14,Chennai,C048,P032,1,864
O00427,2025-09-24,Hyderabad,C191,P003,2,2182
O00428,2025-10-25,Delhi,C259,P030,1,3972
O00429,2025-02-08,Mumbai,C223,P009,4,5064
O00430,2025-05-02,Chennai,C134,P043,2,10088
O00431,2025-12-25,Ahmedabad,C163,P021,4,8324
O00432,2025-04-30,Delhi,C104,P029,3,6306
O00433,2025-02-25,Pune,C055,P009,5,6330
O00434,2025-08-27,Ahmedabad,C209,P011,4,4176
O00435,2025-07-03,Bengaluru,C232,P008,5,16130
O00436,2025-05-16,Delhi,C047,P020,4,24708
O00437,2025-12-27,Mumbai,C111,P011,3,3132
O00438,2025-02-16,Bengaluru,C183,P021,2,4162
O00439,2025-01-26,Chennai,C134,P026,5,21030
O00440,2025-07-27,Kolkata,C285,P012,1,2556
O00441,2025-05-08,Delhi,C237,P048,5,8705
O00442,2025-03-04,Mumbai,C032,P007,2,11922
O00443,2025-03-08,Bengaluru,C206,P050,2,10768
O00444,2025-10-26,Chennai,C039,P024,1,1637
O00445,2025-04-12,Kolkata,C066,P002,1,3737
O00446,2025-03-04,Mumbai,C237,P006,3,18096
O00447,2025-10-21,Hyderabad,C203,P004,2,8882
O00448,2025-07-15,Hyderabad,C089,P032,1,864
O00449,2025-04-06,Chennai,C144,P023,2,11314
O00450,2025-01-18,Bengaluru,C152,P029,2,4204
O00451,2025-10-09,Kolkata,C032,P032,4,3456
O00452,2025-07-16,Pune,C215,P006,3,18096
O00453,2025-05-08,Mumbai,C196,P013,5,29220
O00454,2025-09-03,Kolkata,C177,P046,3,2469
O00455,2025-06-14,Hyderabad,C139,P037,5,30720
O00456,2025-06-13,Bengaluru,C016,P012,1,2556
O00457,2025-01-30,Kolkata,C272,P050,3,16152
O00458,2025-04-30,Pune,C052,P023,5,28285
O00459,2025-05-17,Mumbai,C113,P016,2,5738
O00460,2025-07-01,Pune,C091,P037,4,24576
O00461,2025-06-12,Ahmedabad,C015,P016,5,14345
O00462,2025-10-18,Pune,C289,P046,3,2469
O00463,2025-10-05,Chennai,C090,P013,4,23376
O00464,2025-02-16,Mumbai,C120,P032,1,864
O00465,2025-01-11,Kolkata,C001,P039,2,6002
O00466,2025-04-14,Pune,C175,P022,5,4240
O00467,2025-06-15,Mumbai,C012,P046,2,1646
O00468,2025-12-27,Pune,C057,P010,5,9730
O00469,2025-02-07,Ahmedabad,C203,P034,3,16785
O00470,2025-06-22,Chennai,C166,P038,1,834
O00471,2025-08-12,Kolkata,C163,P009,2,2532
O00472,2025-12-22,Ahmedabad,C115,P012,5,12780
O00473,2025-03-31,Hyderabad,C158,P043,5,25220
O00474,2025-03-07,Pune,C001,P047,3,7908
O00475,2025-07-20,Mumbai,C094,P045,5,24760
O00476,2025-11-10,Bengaluru,C290,P039,3,9003
O00477,2025-03-14,Ahmedabad,C040,P007,4,23844
O00478,2025-06-13,Pune,C046,P016,3,8607
O00479,2025-08-17,Mumbai,C136,P046,3,2469
O00480,2025-12-21,Delhi,C180,P014,2,6620
O00481,2025-01-01,Mumbai,C198,P017,1,1632
O00482,2025-03-27,Hyderabad,C253,P029,4,8408
O00483,2025-10-07,Hyderabad,C052,P025,3,10197
O00484,2025-11-30,Bengaluru,C084,P031,5,16595
O00485,2025-01-18,Chennai,C011,P029,1,2102
O00486,2025-02-23,Delhi,C176,P021,3,6243
O00487,2025-03-24,Delhi,C281,P011,4,4176
O00488,2025-11-01,Kolkata,C016,P006,3,18096
O00489,2025-11-07,Hyderabad,C081,P028,2,12996
O00490,2025-06-19,Bengaluru,C098,P004,1,4441
O00491,2025-10-04,Chennai,C145,P027,5,11370
O00492,2025-02-19,Mumbai,C202,P020,2,12354
O00493,2025-09-09,Pune,C028,P037,5,30720
O00494,2025-08-07,Delhi,C151,P024,1,1637
O00495,2025-09-03,Bengaluru,C050,P043,5,25220
O00496,2025-03-29,Chennai,C042,P002,2,7474
O00497,2025-06-07,Hyderabad,C242,P031,1,3319
O00498,2025-02-16,Hyderabad,C095,P032,3,2592
O00499,2025-07-09,Pune,C229,P024,4,6548
O00500,2025-08-14,Kolkata,C135,P003,3,3273
O00501,2025-10-16,Mumbai,C078,P015,3,7884
O00502,2025-02-13,Ahmedabad,C278,P049,1,3674
O00503,2025-04-27,Mumbai,C199,P027,5,11370
O00504,2025-10-02,Kolkata,C294,P034,4,22380
O00505,2025-06-03,Delhi,C203,P016,4,11476
O00506,2025-09-15,Pune,C062,P046,1,823
O00507,2025-03-30,Pune,C109,P049,4,14696
O00508,2025-01-22,Hyderabad,C041,P013,2,11688
O00509,2025-04-14,Pune,C133,P044,4,7736
O00510,2025-02-14,Hyderabad,C285,P021,1,2081
O00511,2025-06-16,Chennai,C267,P026,5,21030
O00512,2025-12-25,Hyderabad,C058,P030,1,3972
O00513,2025-03-17,Delhi,C055,P027,2,4548
O00514,2025-05-27,Ahmedabad,C211,P037,1,6144
O00515,2025-12-02,Kolkata,C293,P017,4,6528
O00516,2025-01-20,Pune,C142,P039,4,12004
O00517,2025-11-13,Hyderabad,C020,P026,2,8412
O00518,2025-12-20,Bengaluru,C026,P026,3,12618
O00519,2025-05-18,Ahmedabad,C011,P048,4,6964
O00520,2025-06-09,Chennai,C252,P022,3,2544
O00521,2025-04-27,Pune,C154,P045,1,4952
O00522,2025-06-14,Chennai,C214,P048,4,6964
O00523,2025-04-07,Kolkata,C109,P039,1,3001
O00524,2025-09-22,Ahmedabad,C029,P027,4,9096
O00525,2025-02-03,Chennai,C260,P033,2,14602
O00526,2025-09-26,Mumbai,C089,P026,2,8412
O00527,2025-01-30,Bengaluru,C017,P013,2,11688
O00528,2025-07-04,Bengaluru,C141,P030,1,3972
O00529,2025-09-16,Hyderabad,C064,P024,4,6548
O00530,2025-05-04,Ahmedabad,C251,P044,1,1934
O00531,2025-04-01,Kolkata,C283,P039,4,12004
O00532,2025-03-25,Chennai,C047,P023,3,16971
O00533,2025-07-17,Mumbai,C084,P019,1,6732
O00534,2025-04-24,Bengaluru,C106,P037,2,12288
O00535,2025-09-20,Mumbai,C005,P018,4,23184
O00536,2025-11-28,Pune,C005,P031,2,6638
O00537,2025-11-08,Chennai,C141,P015,3,7884
O00538,2025-06-28,Kolkata,C130,P028,4,25992
O00539,2025-06-04,Hyderabad,C300,P014,4,13240
O00540,2025-09-19,Ahmedabad,C288,P007,1,5961
O00541,2025-11-08,Chennai,C153,P042,5,13700
O00542,2025-09-04,Delhi,C173,P044,1,1934
O00543,2025-05-22,Chennai,C153,P018,3,17388
O00544,2025-09-22,Bengaluru,C030,P013,2,11688
O00545,2025-12-05,Ahmedabad,C072,P039,4,12004
O00546,2025-12-02,Kolkata,C152,P047,1,2636
O00547,2025-07-27,Hyderabad,C019,P017,4,6528
O00548,2025-04-08,Ahmedabad,C114,P038,5,4170
O00549,2025-11-23,Kolkata,C184,P044,5,9670
O00550,2025-03-29,Pune,C151,P033,3,21903
O00551,2025-03-07,Chennai,C287,P007,4,23844
O00552,2025-12-15,Ahmedabad,C046,P049,2,7348
O00553,2025-04-25,Chennai,C216,P015,3,7884
O00554,2025-05-14,Chennai,C238,P022,3,2544
O00555,2025-01-28,Delhi,C242,P008,4,12904
O00556,2025-03-03,Hyderabad,C272,P013,5,29220
O00557,2025-01-28,Pune,C071,P020,4,24708
O00558,2025-07-29,Kolkata,C074,P013,3,17532
O00559,2025-02-11,Kolkata,C171,P021,2,4162
O00560,2025-06-10,Mumbai,C003,P041,2,1984
O00561,2025-04-18,Pune,C296,P029,3,6306
O00562,2025-09-08,Delhi,C067,P049,2,7348
O00563,2025-11-21,Hyderabad,C207,P040,4,2932
O00564,2025-07-16,Mumbai,C020,P028,4,25992
O00565,2025-07-11,Mumbai,C165,P035,2,12658
O00566,2025-04-08,Mumbai,C003,P049,5,18370
O00567,2025-04-26,Ahmedabad,C160,P041,2,1984
O00568,2025-07-16,Chennai,C086,P009,1,1266
O00569,2025-06-02,Chennai,C234,P005,1,5333
O00570,2025-11-02,Ahmedabad,C223,P047,5,13180
O00571,2025-06-25,Kolkata,C184,P044,2,3868
O00572,2025-03-26,Hyderabad,C010,P049,2,7348
O00573,2025-03-09,Bengaluru,C012,P015,2,5256
O00574,2025-03-28,Delhi,C188,P038,5,4170
O00575,2025-07-12,Chennai,C274,P046,1,823
O00576,2025-11-01,Mumbai,C056,P040,1,733
O00577,2025-01-25,Delhi,C214,P042,1,2740
O00578,2025-03-05,Chennai,C243,P029,4,8408
O00579,2025-04-16,Mumbai,C155,P045,2,9904
O00580,2025-12-06,Chennai,C071,P027,1,2274
O00581,2025-09-19,Delhi,C145,P027,1,2274
O00582,2025-09-12,Bengaluru,C103,P008,1,3226
O00583,2025-09-25,Bengaluru,C184,P050,3,16152
O00584,2025-06-01,Pune,C021,P046,4,3292
O00585,2025-04-17,Kolkata,C170,P036,4,14636
O00586,2025-01-07,Delhi,C057,P016,1,2869
O00587,2025-03-18,Delhi,C262,P037,4,24576
O00588,2025-05-12,Bengaluru,C234,P005,1,5333
O00589,2025-08-26,Mumbai,C052,P019,3,20196
O00590,2025-05-29,Ahmedabad,C161,P012,1,2556
O00591,2025-02-18,Mumbai,C005,P028,1,6498
O00592,2025-06-18,Ahmedabad,C225,P009,2,2532
O00593,2025-02-17,Ahmedabad,C176,P040,3,2199
O00594,2025-07-25,Hyderabad,C234,P012,1,2556
O00595,2025-12-20,Kolkata,C216,P018,4,23184
O00596,2025-02-27,Pune,C031,P042,2,5480
O00597,2025-08-02,Kolkata,C292,P011,1,1044
O00598,2025-04-03,Hyderabad,C184,P044,4,7736
O00599,2025-12-17,Pune,C248,P040,1,733
O00600,2025-07-30,Kolkata,C024,P032,1,864
O00601,2025-12-02,Ahmedabad,C007,P005,3,15999
O00602,2025-10-23,Bengaluru,C174,P046,5,4115
O00603,2025-12-19,Delhi,C222,P034,5,27975
O00604,2025-09-04,Ahmedabad,C198,P043,2,10088
O00605,2025-11-10,Mumbai,C006,P010,5,9730
O00606,2025-09-16,Kolkata,C254,P042,2,5480
O00607,2025-09-09,Ahmedabad,C124,P011,1,1044
O00608,2025-01-26,Bengaluru,C282,P022,3,2544
O00609,2025-07-26,Bengaluru,C041,P042,4,10960
O00610,2025-10-21,Kolkata,C046,P030,4,15888
O00611,2025-06-11,Delhi,C255,P032,4,3456
O00612,2025-02-22,Hyderabad,C212,P048,1,1741
O00613,2025-10-09,Mumbai,C047,P003,5,5455
O00614,2025-11-23,Chennai,C261,P039,5,15005
O00615,2025-12-02,Kolkata,C175,P036,2,7318
O00616,2025-04-25,Kolkata,C170,P024,1,1637
O00617,2025-11-04,Kolkata,C187,P036,5,18295
O00618,2025-02-28,Delhi,C114,P046,4,3292
O00619,2025-07-01,Chennai,C281,P001,3,747
O00620,2025-12-26,Delhi,C024,P034,3,16785
O00621,2025-03-13,Hyderabad,C055,P011,4,4176
O00622,2025-04-11,Bengaluru,C062,P017,5,8160
O00623,2025-08-23,Bengaluru,C174,P026,2,8412
O00624,2025-01-24,Delhi,C231,P007,4,23844
O00625,2025-09-16,Pune,C256,P030,5,19860
O00626,2025-01-25,Hyderabad,C300,P001,5,1245
O00627,2025-04-01,Pune,C066,P031,5,16595
O00628,2025-12-03,Ahmedabad,C259,P007,4,23844
O00629,2025-11-08,Bengaluru,C141,P025,4,13596
O00630,2025-05-31,Kolkata,C069,P026,3,12618
O00631,2025-11-05,Chennai,C281,P009,4,5064
O00632,2025-11-20,Bengaluru,C103,P021,5,10405
O00633,2025-05-29,Ahmedabad,C068,P014,5,16550
O00634,2025-09-15,Ahmedabad,C060,P046,2,1646
O00635,2025-10-15,Kolkata,C299,P049,3,11022
O00636,2025-12-12,Chennai,C217,P037,4,24576
O00637,2025-02-24,Mumbai,C196,P001,5,1245
O00638,2025-12-10,Mumbai,C103,P010,1,1946
O00639,2025-05-27,Chennai,C075,P018,2,11592
O00640,2025-04-15,Mumbai,C184,P004,3,13323
O00641,2025-11-12,Bengaluru,C288,P029,1,2102
O00642,2025-09-19,Chennai,C025,P025,2,6798
O00643,2025-08-02,Ahmedabad,C283,P025,4,13596
O00644,2025-05-09,Bengaluru,C227,P004,1,4441
O00645,2025-10-29,Bengaluru,C100,P015,3,7884
O00646,2025-04-01,Delhi,C096,P019,4,26928
O00647,2025-03-03,Hyderabad,C021,P012,5,12780
O00648,2025-10-12,Chennai,C067,P028,3,19494
O00649,2025-05-11,Mumbai,C170,P011,5,5220
O00650,2025-01-21,Pune,C166,P030,2,7944
O00651,2025-11-17,Chennai,C252,P039,1,3001
O00652,2025-07-03,Delhi,C163,P037,5,30720
O00653,2025-04-05,Delhi,C259,P034,2,11190
O00654,2025-10-06,Hyderabad,C048,P011,4,4176
O00655,2025-04-20,Ahmedabad,C170,P023,2,11314
O00656,2025-04-22,Kolkata,C288,P024,3,4911
O00657,2025-02-28,Ahmedabad,C229,P049,1,3674
O00658,2025-11-15,Bengaluru,C021,P016,5,14345
O00659,2025-07-15,Delhi,C198,P044,3,5802
O00660,2025-05-25,Mumbai,C265,P017,5,8160
O00661,2025-09-21,Kolkata,C250,P050,3,16152
O00662,2025-11-30,Bengaluru,C165,P003,3,3273
O00663,2025-02-19,Pune,C276,P033,1,7301
O00664,2025-11-17,Delhi,C108,P035,1,6329
O00665,2025-12-17,Hyderabad,C054,P043,2,10088
O00666,2025-12-26,Hyderabad,C037,P014,5,16550
O00667,2025-01-13,Kolkata,C170,P048,2,3482
O00668,2025-02-07,Mumbai,C092,P003,1,1091
O00669,2025-02-06,Bengaluru,C133,P017,5,8160
O00670,2025-08-19,Hyderabad,C222,P027,4,9096
O00671,2025-07-19,Delhi,C274,P021,1,2081
O00672,2025-02-02,Mumbai,C038,P001,5,1245
O00673,2025-02-24,Chennai,C155,P023,5,28285
O00674,2025-05-25,Kolkata,C196,P039,1,3001
O00675,2025-08-31,Pune,C274,P026,1,4206
O00676,2025-07-20,Chennai,C074,P015,2,5256
O00677,2025-01-06,Pune,C064,P020,3,18531
O00678,2025-10-21,Hyderabad,C276,P003,1,1091
O00679,2025-06-06,Bengaluru,C177,P036,1,3659
O00680,2025-11-27,Pune,C083,P014,4,13240
O00681,2025-11-12,Chennai,C100,P012,2,5112
O00682,2025-12-10,Mumbai,C282,P008,2,6452
O00683,2025-02-07,Chennai,C035,P030,5,19860
O00684,2025-04-12,Kolkata,C170,P017,1,1632
O00685,2025-12-10,Bengaluru,C052,P023,2,11314
O00686,2025-02-05,Bengaluru,C163,P019,5,33660
O00687,2025-06-18,Chennai,C300,P032,4,3456
O00688,2025-10-18,Ahmedabad,C162,P010,5,9730
O00689,2025-01-03,Ahmedabad,C127,P028,2,12996
O00690,2025-05-22,Ahmedabad,C069,P015,4,10512
O00691,2025-09-03,Kolkata,C229,P044,3,5802
O00692,2025-09-07,Delhi,C090,P023,3,16971
O00693,2025-02-11,Chennai,C072,P042,5,13700
O00694,2025-05-15,Delhi,C039,P035,2,12658
O00695,2025-11-20,Mumbai,C298,P002,5,18685
O00696,2025-10-30,Bengaluru,C019,P038,4,3336
O00697,2025-10-06,Kolkata,C077,P036,3,10977
O00698,2025-04-25,Chennai,C069,P024,4,6548
O00699,2025-09-19,Delhi,C204,P030,5,19860
O00700,2025-01-06,Bengaluru,C085,P024,5,8185
O00701,2025-03-13,Kolkata,C082,P049,5,18370
O00702,2025-10-17,Pune,C248,P012,5,12780
O00703,2025-04-23,Kolkata,C119,P023,1,5657
O00704,2025-07-09,Bengaluru,C022,P005,3,15999
O00705,2025-09-23,Ahmedabad,C199,P043,2,10088
O00706,2025-01-24,Mumbai,C166,P031,4,13276
O00707,2025-11-21,Chennai,C135,P007,5,29805
O00708,2025-10-19,Pune,C193,P038,5,4170
O00709,2025-07-07,Delhi,C265,P042,4,10960
O00710,2025-04-25,Hyderabad,C181,P017,4,6528
O00711,2025-09-04,Mumbai,C257,P023,4,22628
O00712,2025-03-26,Bengaluru,C040,P009,4,5064
O00713,2025-04-19,Pune,C096,P033,3,21903
O00714,2025-11-05,Delhi,C118,P011,3,3132
O00715,2025-02-28,Kolkata,C246,P027,3,6822
O00716,2025-10-30,Pune,C211,P031,2,6638
O00717,2025-01-23,Pune,C294,P002,2,7474
O00718,2025-03-10,Mumbai,C294,P038,2,1668
O00719,2025-03-27,Chennai,C093,P010,1,1946
O00720,2025-11-03,Mumbai,C146,P034,4,22380
O00721,2025-08-18,Kolkata,C247,P006,2,12064
O00722,2025-07-30,Pune,C299,P011,2,2088
O00723,2025-11-16,Chennai,C086,P050,2,10768
O00724,2025-08-21,Delhi,C118,P047,3,7908
O00725,2025-03-09,Delhi,C009,P025,4,13596
O00726,2025-09-16,Hyderabad,C077,P013,5,29220
O00727,2025-04-01,Kolkata,C020,P039,1,3001
O00728,2025-03-02,Delhi,C247,P035,5,31645
O00729,2025-11-05,Mumbai,C221,P043,2,10088
O00730,2025-07-09,Mumbai,C272,P034,4,22380
O00731,2025-09-04,Hyderabad,C180,P028,2,12996
O00732,2025-02-20,Hyderabad,C069,P038,5,4170
O00733,2025-04-30,Delhi,C146,P017,4,6528
O00734,2025-07-29,Chennai,C097,P039,5,15005
O00735,2025-10-23,Delhi,C267,P001,1,249
O00736,2025-12-02,Bengaluru,C162,P001,4,996
O00737,2025-02-24,Pune,C219,P027,3,6822
O00738,2025-05-10,Chennai,C275,P042,5,13700
O00739,2025-07-07,Chennai,C204,P028,5,32490
O00740,2025-07-31,Kolkata,C092,P049,2,7348
O00741,2025-10-12,Kolkata,C130,P024,5,8185
O00742,2025-06-26,Hyderabad,C071,P020,5,30885
O00743,2025-04-28,Kolkata,C083,P043,1,5044
O00744,2025-09-18,Hyderabad,C174,P007,2,11922
O00745,2025-12-23,Mumbai,C083,P036,5,18295
O00746,2025-02-16,Pune,C242,P025,1,3399
O00747,2025-02-15,Delhi,C135,P039,4,12004
O00748,2025-02-10,Mumbai,C197,P015,3,7884
O00749,2025-12-02,Chennai,C030,P026,5,21030
O00750,2025-11-24,Kolkata,C225,P050,2,10768
O00751,2025-12-03,Chennai,C100,P001,2,498
O00752,2025-09-19,Bengaluru,C087,P003,5,5455
O00753,2025-07-04,Bengaluru,C001,P044,1,1934
O00754,2025-05-22,Hyderabad,C181,P011,1,1044
O00755,2025-07-27,Bengaluru,C266,P043,4,20176
O00756,2025-02-16,Chennai,C287,P001,1,249
O00757,2025-06-27,Chennai,C116,P038,3,2502
O00758,2025-08-21,Hyderabad,C295,P039,2,6002
O00759,2025-03-31,Hyderabad,C260,P001,3,747
O00760,2025-02-07,Chennai,C175,P007,5,29805
O00761,2025-05-12,Chennai,C227,P008,5,16130
O00762,2025-09-05,Bengaluru,C174,P025,5,16995
O00763,2025-12-15,Kolkata,C015,P050,4,21536
O00764,2025-05-13,Delhi,C196,P031,1,3319
O00765,2025-12-13,Bengaluru,C162,P041,2,1984
O00766,2025-09-22,Mumbai,C135,P027,3,6822
O00767,2025-02-17,Hyderabad,C176,P016,3,8607
O00768,2025-04-02,Kolkata,C161,P005,5,26665
O00769,2025-10-21,Chennai,C094,P023,2,11314
O00770,2025-09-13,Bengaluru,C121,P048,2,3482
O00771,2025-05-16,Bengaluru,C118,P048,2,3482
O00772,2025-11-13,Ahmedabad,C080,P013,2,11688
O00773,2025-03-03,Delhi,C253,P050,1,5384
O00774,2025-10-05,Mumbai,C247,P040,1,733
O00775,2025-06-11,Kolkata,C295,P024,5,8185
O00776,2025-04-04,Chennai,C204,P018,4,23184
O00777,2025-03-07,Mumbai,C270,P015,5,13140
O00778,2025-10-04,Mumbai,C258,P028,4,25992
O00779,2025-12-18,Pune,C235,P023,4,22628
O00780,2025-08-24,Ahmedabad,C005,P008,5,16130
O00781,2025-07-14,Delhi,C167,P001,2,498
O00782,2025-05-13,Pune,C281,P024,5,8185
O00783,2025-05-18,Kolkata,C176,P017,2,3264
O00784,2025-09-13,Hyderabad,C108,P024,2,3274
O00785,2025-07-06,Hyderabad,C144,P027,3,6822
O00786,2025-10-20,Pune,C295,P029,2,4204
O00787,2025-02-21,Chennai,C121,P044,2,3868
O00788,2025-07-15,Bengaluru,C075,P036,4,14636
O00789,2025-08-31,Mumbai,C091,P048,2,3482
O00790,2025-03-10,Ahmedabad,C250,P027,4,9096
O00791,2025-10-15,Mumbai,C204,P020,3,18531
O00792,2025-01-31,Bengaluru,C131,P007,2,11922
O00793,2025-08-19,Ahmedabad,C134,P031,1,3319
O00794,2025-10-14,Chennai,C177,P024,3,4911
O00795,2025-03-04,Ahmedabad,C102,P002,4,14948
O00796,2025-11-29,Pune,C146,P037,5,30720
O00797,2025-12-11,Kolkata,C229,P023,3,16971
O00798,2025-11-11,Chennai,C238,P006,4,24128
O00799,2025-03-27,Ahmedabad,C216,P041,2,1984
O00800,2025-10-20,Hyderabad,C037,P041,5,4960
O00801,2025-06-25,Bengaluru,C161,P006,2,12064
O00802,2025-12-30,Chennai,C203,P021,3,6243
O00803,2025-07-05,Kolkata,C212,P018,4,23184
O00804,2025-01-12,Pune,C121,P011,2,2088
O00805,2025-12-25,Delhi,C108,P043,3,15132
O00806,2025-02-22,Delhi,C033,P011,4,4176
O00807,2025-01-28,Mumbai,C204,P031,5,16595
O00808,2025-02-23,Chennai,C080,P034,1,5595
O00809,2025-06-08,Bengaluru,C127,P006,4,24128
O00810,2025-08-15,Pune,C068,P048,3,5223
O00811,2025-01-15,Mumbai,C183,P034,2,11190
O00812,2025-08-28,Chennai,C281,P021,4,8324
O00813,2025-12-24,Pune,C234,P029,2,4204
O00814,2025-08-11,Chennai,C178,P041,5,4960
O00815,2025-04-27,Delhi,C227,P031,5,16595
O00816,2025-07-31,Chennai,C080,P020,3,18531
O00817,2025-01-01,Pune,C177,P020,1,6177
O00818,2025-10-01,Mumbai,C252,P019,4,26928
O00819,2025-06-03,Mumbai,C221,P049,4,14696
O00820,2025-04-29,Mumbai,C281,P019,5,33660
O00821,2025-07-30,Hyderabad,C203,P024,2,3274
O00822,2025-11-27,Hyderabad,C194,P016,2,5738
O00823,2025-02-10,Hyderabad,C123,P015,3,7884
O00824,2025-12-22,Chennai,C146,P034,5,27975
O00825,2025-05-18,Hyderabad,C097,P042,5,13700
O00826,2025-03-11,Chennai,C057,P005,2,10666
O00827,2025-11-13,Kolkata,C140,P041,4,3968
O00828,2025-09-09,Bengaluru,C165,P045,5,24760
O00829,2025-01-26,Mumbai,C096,P002,2,7474
O00830,2025-05-18,Pune,C225,P007,3,17883
O00831,2025-04-30,Delhi,C078,P047,1,2636
O00832,2025-04-22,Ahmedabad,C216,P001,4,996
O00833,2025-07-10,Kolkata,C017,P020,4,24708
O00834,2025-03-16,Mumbai,C137,P022,1,848
O00835,2025-02-06,Kolkata,C093,P050,4,21536
O00836,2025-07-15,Mumbai,C063,P013,3,17532
O00837,2025-07-17,Kolkata,C127,P050,2,10768
O00838,2025-04-12,Kolkata,C049,P048,1,1741
O00839,2025-08-31,Hyderabad,C160,P034,2,11190
O00840,2025-11-19,Mumbai,C282,P021,2,4162
O00841,2025-05-10,Kolkata,C153,P034,1,5595
O00842,2025-01-27,Bengaluru,C058,P013,3,17532
O00843,2025-06-16,Mumbai,C086,P016,4,11476
O00844,2025-03-03,Hyderabad,C125,P018,5,28980
O00845,2025-10-25,Kolkata,C080,P001,1,249
O00846,2025-05-08,Pune,C256,P024,1,1637
O00847,2025-06-23,Mumbai,C031,P006,5,30160
O00848,2025-12-26,Delhi,C065,P023,2,11314
O00849,2025-06-12,Ahmedabad,C225,P032,2,1728
O00850,2025-01-11,Hyderabad,C184,P047,2,5272
O00851,2025-05-09,Mumbai,C249,P047,2,5272
O00852,2025-10-14,Chennai,C278,P046,4,3292
O00853,2025-04-08,Pune,C279,P045,4,19808
O00854,2025-08-28,Chennai,C284,P023,3,16971
O00855,2025-09-29,Pune,C231,P011,1,1044
O00856,2025-10-05,Ahmedabad,C233,P019,3,20196
O00857,2025-07-14,Pune,C010,P001,5,1245
O00858,2025-11-14,Bengaluru,C165,P040,3,2199
O00859,2025-12-04,Hyderabad,C098,P047,1,2636
O00860,2025-10-10,Pune,C145,P034,4,22380
O00861,2025-11-25,Ahmedabad,C057,P021,4,8324
O00862,2025-12-04,Delhi,C023,P007,5,29805
O00863,2025-01-17,Bengaluru,C055,P009,2,2532
O00864,2025-02-20,Mumbai,C293,P032,2,1728
O00865,2025-12-03,Kolkata,C270,P042,4,10960
O00866,2025-05-12,Mumbai,C188,P040,5,3665
O00867,2025-02-06,Mumbai,C107,P015,5,13140
O00868,2025-02-10,Kolkata,C032,P042,4,10960
O00869,2025-08-01,Ahmedabad,C030,P024,5,8185
O00870,2025-09-28,Mumbai,C037,P040,3,2199
O00871,2025-04-21,Delhi,C052,P020,1,6177
O00872,2025-09-30,Hyderabad,C098,P047,2,5272
O00873,2025-12-03,Bengaluru,C292,P013,5,29220
O00874,2025-10-13,Hyderabad,C055,P041,2,1984
O00875,2025-07-03,Kolkata,C219,P050,5,26920
O00876,2025-04-03,Hyderabad,C259,P007,2,11922
O00877,2025-10-01,Kolkata,C181,P022,2,1696
O00878,2025-06-16,Ahmedabad,C212,P021,5,10405
O00879,2025-06-15,Bengaluru,C289,P049,4,14696
O00880,2025-07-12,Chennai,C185,P035,2,12658
O00881,2025-07-23,Mumbai,C018,P029,4,8408
O00882,2025-01-09,Pune,C155,P019,5,33660
O00883,2025-04-24,Bengaluru,C162,P001,3,747
O00884,2025-10-11,Pune,C049,P002,3,11211
O00885,2025-07-02,Pune,C071,P003,4,4364
O00886,2025-10-26,Bengaluru,C120,P017,3,4896
O00887,2025-02-17,Hyderabad,C292,P017,3,4896
O00888,2025-06-16,Kolkata,C089,P014,1,3310
O00889,2025-02-18,Chennai,C020,P032,5,4320
O00890,2025-07-15,Delhi,C029,P047,5,13180
O00891,2025-06-28,Hyderabad,C214,P050,3,16152
O00892,2025-12-01,Mumbai,C196,P008,2,6452
O00893,2025-09-26,Mumbai,C164,P004,3,13323
O00894,2025-03-18,Ahmedabad,C258,P035,5,31645
O00895,2025-03-20,Mumbai,C202,P045,2,9904
O00896,2025-10-22,Delhi,C114,P029,5,10510
O00897,2025-07-21,Pune,C068,P028,3,19494
O00898,2025-09-01,Mumbai,C281,P022,1,848
O00899,2025-02-13,Hyderabad,C257,P026,3,12618
O00900,2025-03-11,Kolkata,C287,P028,2,12996
O00901,2025-07-22,Bengaluru,C288,P013,4,23376
O00902,2025-05-07,Bengaluru,C037,P040,5,3665
O00903,2025-06-15,Delhi,C058,P018,4,23184
O00904,2025-08-05,Ahmedabad,C179,P043,4,20176
O00905,2025-06-26,Mumbai,C157,P013,3,17532
O00906,2025-11-12,Kolkata,C075,P011,3,3132
O00907,2025-04-30,Bengaluru,C192,P029,1,2102
O00908,2025-02-27,Mumbai,C125,P010,1,1946
O00909,2025-05-28,Mumbai,C176,P040,2,1466
O00910,2025-06-06,Kolkata,C242,P045,1,4952
O00911,2025-04-18,Bengaluru,C105,P002,3,11211
O00912,2025-05-13,Kolkata,C073,P035,5,31645
O00913,2025-07-12,Mumbai,C131,P045,1,4952
O00914,2025-05-26,Bengaluru,C139,P011,1,1044
O00915,2025-12-02,Mumbai,C035,P004,4,17764
O00916,2025-12-06,Ahmedabad,C056,P025,3,10197
O00917,2025-11-29,Hyderabad,C119,P002,3,11211
O00918,2025-12-30,Delhi,C162,P025,5,16995
O00919,2025-09-30,Delhi,C096,P032,5,4320
O00920,2025-08-23,Mumbai,C021,P013,5,29220
O00921,2025-06-06,Ahmedabad,C251,P016,5,14345
O00922,2025-01-10,Ahmedabad,C181,P026,2,8412
O00923,2025-05-01,Chennai,C032,P023,3,16971
O00924,2025-07-18,Mumbai,C285,P041,3,2976
O00925,2025-03-19,Ahmedabad,C202,P018,2,11592
O00926,2025-02-14,Hyderabad,C267,P043,2,10088
O00927,2025-11-17,Bengaluru,C214,P044,5,9670
O00928,2025-03-20,Hyderabad,C160,P016,5,14345
O00929,2025-08-18,Pune,C106,P039,3,9003
O00930,2025-10-25,Bengaluru,C071,P042,2,5480
O00931,2025-03-11,Hyderabad,C075,P020,5,30885
O00932,2025-03-22,Ahmedabad,C035,P042,5,13700
O00933,2025-03-02,Pune,C163,P036,5,18295
O00934,2025-06-13,Hyderabad,C211,P010,1,1946
O00935,2025-11-23,Chennai,C078,P020,4,24708
O00936,2025-02-24,Pune,C095,P050,2,10768
O00937,2025-11-12,Chennai,C291,P002,5,18685
O00938,2025-11-02,Bengaluru,C119,P040,2,1466
O00939,2025-07-03,Delhi,C245,P044,1,1934
O00940,2025-11-06,Kolkata,C192,P009,5,6330
O00941,2025-09-09,Kolkata,C071,P012,4,10224
O00942,2025-04-26,Mumbai,C210,P011,2,2088
O00943,2025-05-19,Hyderabad,C114,P049,1,3674
O00944,2025-04-15,Delhi,C091,P048,2,3482
O00945,2025-09-08,Ahmedabad,C235,P029,5,10510
O00946,2025-07-27,Mumbai,C195,P016,4,11476
O00947,2025-07-21,Mumbai,C267,P047,3,7908
O00948,2025-08-22,Mumbai,C126,P007,4,23844
O00949,2025-07-22,Mumbai,C286,P034,5,27975
O00950,2025-11-19,Mumbai,C098,P025,5,16995
O00951,2025-07-23,Chennai,C147,P019,4,26928
O00952,2025-08-05,Chennai,C028,P030,2,7944
O00953,2025-03-14,Kolkata,C232,P045,5,24760
O00954,2025-02-27,Pune,C300,P006,5,30160
O00955,2025-03-11,Hyderabad,C212,P045,5,24760
O00956,2025-01-13,Pune,C233,P021,4,8324
O00957,2025-08-21,Delhi,C129,P038,2,1668
O00958,2025-03-05,Delhi,C059,P021,2,4162
O00959,2025-11-21,Ahmedabad,C044,P046,4,3292
O00960,2025-09-19,Pune,C194,P034,4,22380
O00961,2025-01-23,Pune,C172,P036,4,14636
O00962,2025-03-25,Pune,C092,P037,2,12288
O00963,2025-08-03,Chennai,C159,P050,1,5384
O00964,2025-05-28,Pune,C061,P047,4,10544
O00965,2025-01-02,Chennai,C007,P009,2,2532
O00966,2025-09-13,Mumbai,C253,P030,4,15888
O00967,2025-10-29,Kolkata,C233,P016,2,5738
O00968,2025-02-10,Mumbai,C126,P027,4,9096
O00969,2025-11-14,Bengaluru,C026,P036,3,10977
O00970,2025-01-29,Ahmedabad,C019,P012,2,5112
O00971,2025-12-08,Chennai,C170,P010,1,1946
O00972,2025-02-25,Hyderabad,C092,P006,1,6032
O00973,2025-11-09,Pune,C234,P011,3,3132
O00974,2025-07-04,Mumbai,C048,P048,5,8705
O00975,2025-06-15,Ahmedabad,C195,P050,3,16152
O00976,2025-10-09,Delhi,C150,P005,4,21332
O00977,2025-03-04,Chennai,C169,P031,2,6638
O00978,2025-09-26,Bengaluru,C108,P034,4,22380
O00979,2025-02-25,Delhi,C248,P040,1,733
O00980,2025-12-28,Chennai,C219,P047,5,13180
O00981,2025-05-13,Ahmedabad,C067,P039,3,9003
O00982,2025-09-12,Kolkata,C253,P040,5,3665
O00983,2025-04-30,Chennai,C100,P012,5,12780
O00984,2025-01-13,Kolkata,C061,P001,1,249
O00985,2025-11-12,Hyderabad,C212,P048,2,3482
O00986,2025-06-29,Bengaluru,C006,P003,3,3273
O00987,2025-12-20,Chennai,C131,P041,2,1984
O00988,2025-06-03,Ahmedabad,C004,P005,3,15999
O00989,2025-06-24,Hyderabad,C292,P008,3,9678
O00990,2025-03-31,Bengaluru,C170,P040,1,733
O00991,2025-08-31,Mumbai,C070,P022,4,3392
O00992,2025-11-18,Kolkata,C275,P031,2,6638
O00993,2025-07-31,Mumbai,C267,P022,4,3392
O00994,2025-12-14,Ahmedabad,C285,P020,5,30885
O00995,2025-04-17,Ahmedabad,C182,P035,1,6329
O00996,2025-05-24,Mumbai,C174,P005,2,10666
O00997,2025-03-26,Hyderabad,C096,P025,5,16995
O00998,2025-06-07,Ahmedabad,C017,P039,1,3001
O00999,2025-02-14,Kolkata,C122,P018,4,23184
O01000,2025-06-04,Bengaluru,C269,P024,4,6548
